"1674839";"government entity";"Ayala PLC"";"Grade AAA";"328.00"
"2651539";"airport company";"Wright Green and Riley"";"Grade AAA";"149.00"
"12530975";"private corporation";"Benton-Zhang"";"Grade AA";"50.00"
"16593304";"public airline";"Salinas Saunders and Hernandez"";"Grade A";"357.00"
"36168032";"private corporation";"Perez Patel and Alvarez"";"Grade AAA";"83.00"
"43728678";"public airline";"Smith-Dougherty"";"Grade A";"406.00"
"55588541";"private corporation";"Bell Ltd"";"Grade AA";"85.00"
"56500887";"public airline";"Mckinney Jones and Jackson"";"Grade A";"315.00"
"68722508";"airport company";"Miranda Snyder and Wu"";"Grade A";"175.00"
"70487040";"public airline";"Tate-Moore"";"Grade A";"102.00"
"94841884";"government entity";"Anderson Johnson and Miller"";"Grade A";"167.00"
"98723673";"public airline";"Barnes Group"";"Grade AA";"146.00"
"101271883";"public airline";"Jensen Jackson and Brown"";"Grade A";"489.00"
"105546912";"private corporation";"Davila Fowler and Munoz"";"Grade AA";"101.00"
"111196161";"public airline";"Soto LLC"";"Grade AAA";"417.00"
"113171798";"public airline";"Duncan Farley and Braun"";"Grade AAA";"456.00"
"127889526";"private corporation";"Washington Campos and Harris"";"Grade AAA";"147.00"
"128521856";"public airline";"Brown Group"";"Grade A";"82.00"
"149954556";"airport company";"Smith and Sons"";"Grade AA";"135.00"
"161103579";"airport company";"Mccormick-Hooper"";"Grade AA";"91.00"
"162016080";"airport company";"Smith-Watson"";"Grade A";"394.00"
"180955133";"private corporation";"Phillips LLC"";"Grade AAA";"64.00"
"205153066";"private airline";"Ford-Gentry"";"Grade AAA";"84.00"
"215465315";"airport company";"Mills and Sons"";"Grade AA";"410.00"
"218596800";"private corporation";"Stewart-Bradley"";"Grade A";"145.00"
"224593184";"private corporation";"Fitzpatrick PLC"";"Grade A";"90.00"
"235516455";"public airline";"Wade PLC"";"Grade AA";"378.00"
"248706524";"government entity";"Mccoy-Bates"";"Grade AAA";"84.00"
"249278580";"public airline";"Costa-Zavala"";"Grade AA";"134.00"
"249511719";"private corporation";"Johnson-Lee"";"Grade AA";"77.00"
"253737200";"airport company";"Levy LLC"";"Grade AA";"297.00"
"259558810";"public airline";"Dunn Inc"";"Grade AAA";"90.00"
"262241313";"airport company";"Nunez Gonzalez and Anderson"";"Grade AA";"420.00"
"276238105";"private airline";"Miller-Gutierrez"";"Grade A";"75.00"
"287374916";"public airline";"Underwood-Martin"";"Grade AA";"82.00"
"294263095";"government entity";"Taylor-Rich"";"Grade AAA";"356.00"
"305629300";"public airline";"Adams Franklin and Rose"";"Grade AA";"255.00"
"331764187";"airport company";"Schwartz Group"";"Grade AA";"490.00"
"348193948";"private corporation";"King-Wong"";"Grade AA";"142.00"
"348360039";"government entity";"Morris Martinez and Rose"";"Grade A";"83.00"
"349528241";"airport company";"Rodriguez and Sons"";"Grade A";"116.00"
"352756078";"private airline";"Hernandez-Miller"";"Grade AAA";"124.00"
"354057015";"public airline";"Johnson Jackson and Garcia"";"Grade A";"464.00"
"362328640";"private corporation";"Brown Inc"";"Grade AA";"125.00"
"362750285";"public airline";"Oconnor-Aguilar"";"Grade AA";"192.00"
"365310443";"public airline";"Bell Group"";"Grade A";"197.00"
"382864181";"private airline";"Solomon PLC"";"Grade AAA";"114.00"
"389293757";"private corporation";"Rivera-Hernandez"";"Grade AA";"101.00"
"404842685";"private corporation";"Vasquez Group"";"Grade A";"90.00"
"449490753";"airport company";"Rogers-Brown"";"Grade AA";"447.00"
"484969457";"public airline";"Kelly-Gonzales"";"Grade AAA";"110.00"
"485069682";"public airline";"Pace Ltd"";"Grade AAA";"100.00"
"492674300";"public airline";"Shepherd Anderson and Davis"";"Grade AAA";"383.00"
"508251354";"private corporation";"Ortiz Rodgers and Lee"";"Grade AAA";"68.00"
"517389156";"public airline";"Jackson-Robbins"";"Grade A";"300.00"
"519328947";"airport company";"Chavez Villa and Meadows"";"Grade AA";"468.00"
"537095884";"government entity";"Roberson-Larson"";"Grade AAA";"156.00"
"549898252";"airport company";"Perry-Morris"";"Grade AAA";"129.00"
"550866980";"airport company";"George and Sons"";"Grade A";"431.00"
"561028112";"private corporation";"Turner Ltd"";"Grade AA";"142.00"
"566254026";"private corporation";"Rose White and Mcguire"";"Grade AA";"149.00"
"589341148";"private corporation";"Johnson PLC"";"Grade AAA";"69.00"
"596676255";"airport company";"Martinez Stewart and Young"";"Grade AA";"185.00"
"597423068";"public airline";"Wyatt Zimmerman and Lynch"";"Grade AAA";"156.00"
"601340797";"private corporation";"Bennett Oneill and Bowen"";"Grade A";"106.00"
"624723422";"public airline";"Sanchez-Goodwin"";"Grade A";"99.00"
"649418543";"airport company";"White Ltd"";"Grade A";"440.00"
"651758932";"airport company";"Mitchell Davis and Bell"";"Grade A";"209.00"
"654781034";"government entity";"Lopez-Armstrong"";"Grade AA";"436.00"
"658228652";"public airline";"Johnson PLC"";"Grade AAA";"209.00"
"661582726";"public airline";"Travis Group"";"Grade AAA";"202.00"
"665576433";"public airline";"Peterson PLC"";"Grade A";"86.00"
"690071070";"airport company";"Moore-Huynh"";"Grade AA";"394.00"
"696993963";"public airline";"Patterson Inc"";"Grade AA";"116.00"
"698313096";"airport company";"Garcia Martinez and Gilmore"";"Grade AA";"83.00"
"708252355";"private corporation";"Myers-Ward"";"Grade AAA";"53.00"
"708285865";"airport company";"Robinson Ltd"";"Grade AA";"468.00"
"709710026";"airport company";"Henry and Sons"";"Grade A";"393.00"
"722914856";"public airline";"Lamb Mcintosh and Mathews"";"Grade AA";"483.00"
"743439998";"airport company";"Baird Group"";"Grade AA";"448.00"
"746167148";"private corporation";"Dunn-Thomas"";"Grade AAA";"84.00"
"748154505";"airport company";"Jensen-Blackwell"";"Grade A";"158.00"
"750252360";"private airline";"Davis Ltd"";"Grade AAA";"61.00"
"750499001";"private corporation";"Robinson-Lewis"";"Grade AA";"147.00"
"760662584";"public airline";"Myers Ltd"";"Grade AA";"178.00"
"761687261";"airport company";"Johnson-Hall"";"Grade AA";"372.00"
"762892250";"public airline";"Ruiz Ltd"";"Grade A";"253.00"
"765440337";"public airline";"Garcia and Sons"";"Grade AA";"399.00"
"775512262";"airport company";"Sweeney-White"";"Grade AA";"110.00"
"786718876";"private airline";"Oneill Ltd"";"Grade AAA";"141.00"
"792568945";"private corporation";"Rosario-Cook"";"Grade AAA";"83.00"
"793811839";"airport company";"Ward-Mitchell"";"Grade A";"376.00"
"799817353";"public airline";"Crosby-Villanueva"";"Grade AA";"498.00"
"810062746";"airport company";"Smith-Hubbard"";"Grade AAA";"94.00"
"819089618";"private corporation";"Alexander-Fisher"";"Grade AAA";"124.00"
"829993192";"airport company";"Ingram Fry and Wood"";"Grade AA";"94.00"
"839871671";"airport company";"Colon-Casey"";"Grade A";"371.00"
"850063334";"public airline";"Harris-Smith"";"Grade A";"478.00"
"887663042";"public airline";"Pratt-Sanchez"";"Grade AA";"314.00"
"887691199";"airport company";"Young Ltd"";"Grade AA";"148.00"
